{
  "epoch": [
    1,
    2,
    3,
    4,
    5,
    6,
    7,
    8,
    9,
    10,
    11,
    12,
    13,
    14,
    15,
    16,
    17,
    18,
    19,
    20,
    21,
    22,
    23,
    24,
    25,
    26,
    27,
    28,
    29,
    30
  ],
  "train_v_loss": [
    6.437480330467224,
    5.528260333971544,
    5.0756663571704514,
    4.841301809657704,
    4.699657413092527,
    4.610499880530617,
    4.54985065351833,
    4.495879362929951,
    4.463871489871632,
    4.418930346315557,
    4.398147182031111,
    4.365149996497414,
    4.33493170413104,
    4.299032232978127,
    4.291000420396978,
    4.259596374901858,
    4.236424852501262,
    4.217220076105812,
    4.19939710335298,
    4.187610975720665,
    4.178840496323326,
    4.167635478756645,
    4.148681705648249,
    4.142148302360014,
    4.144261725924232,
    4.139799529855901,
    4.1285088658332825,
    4.1329679976810105,
    4.131127869540995,
    4.127834469079971
  ],
  "val_v_loss": [
    5.819566199654027,
    5.213096317492034,
    4.893513503827546,
    4.764401235078511,
    4.645519231495104,
    4.585961090890985,
    4.558219909667969,
    4.511871137117085,
    4.482913243143182,
    4.4759703937329745,
    4.4371158449273365,
    4.423634303243537,
    4.402302566327546,
    4.404883434897975,
    4.391865153061716,
    4.386092713004665,
    4.379435790212531,
    4.36965631183825,
    4.332001209259033,
    4.3518321388646175,
    4.359660700747841,
    4.336058892701802,
    4.322313032652202,
    4.341683839496813,
    4.316042523635061,
    4.311120384617856,
    4.30107969986765,
    4.329742456737318,
    4.312992873944734,
    4.320618152618408
  ],
  "train_t_loss": [
    8.254722611470656,
    5.7451971742239865,
    4.81973646716638,
    4.5779892179098995,
    4.219175371256742,
    4.123094206506556,
    3.9127312194217336,
    3.803134660829197,
    3.6358406895940956,
    3.660420710390264,
    3.5180685736916284,
    3.4540099149400536,
    3.372847790067846,
    3.167357164350423,
    3.198470199649984,
    3.164929994127967,
    3.0205308849161323,
    3.0677713697606865,
    2.884710815819827,
    2.95125396956097,
    2.9205132858319716,
    2.826774534854022,
    2.8145209808241236,
    2.882975948127833,
    2.8996274755759672,
    2.834921668876301,
    2.7728377160700886,
    2.7960151637142356,
    2.8372531181032006,
    2.8305569277568297
  ]
}