{
  "model": "X-LXMERT-Anime",
  "FID": 10.091649055480957,
  "CLIP-T": 0.22457583248615265,
  "CLIP-I": 0.7752177119255066,
  "n_test": 50,
  "codebook_K": 1024,
  "grid": 8,
  "params_M": 24.63545
}