{
  "epoch": [
    1,
    2,
    3,
    4,
    5,
    6,
    7,
    8,
    9,
    10,
    11,
    12,
    13,
    14,
    15,
    16,
    17,
    18,
    19,
    20,
    21,
    22,
    23,
    24,
    25,
    26,
    27,
    28,
    29,
    30
  ],
  "train": [
    4.821043711442214,
    4.461832079113039,
    4.252805832104805,
    4.1037121511932115,
    3.9742628733317056,
    3.842951089907915,
    3.735686139163808,
    3.6291422456757636,
    3.524665649120624,
    3.4219508802788887,
    3.322479877716456,
    3.2205046649672027,
    3.122635223926642,
    3.036626184088552,
    2.943884937172262,
    2.859226624170939,
    2.7760521896883974,
    2.7112578021155462,
    2.638450227232061,
    2.5759636051634436,
    2.5256883344079695,
    2.478847546455188,
    2.443395433262882,
    2.41753387858725,
    2.3850122883788543,
    2.366371772228143,
    2.3493348716670632,
    2.3356617495544953,
    2.336275055877164,
    2.335605162840623
  ],
  "val": [
    4.598238639831543,
    4.373086700439453,
    4.251783103942871,
    4.170703525543213,
    4.084956378936767,
    4.038466567993164,
    3.9995944499969482,
    3.9481075286865233,
    3.922675790786743,
    3.905393371582031,
    3.8896259212493898,
    3.8541315937042238,
    3.8639220809936523,
    3.8408613491058348,
    3.8348789501190184,
    3.8350547409057616,
    3.8214532947540283,
    3.8304337882995605,
    3.852634897232056,
    3.838715057373047,
    3.842625608444214,
    3.8373619651794435,
    3.8556983184814455,
    3.87066689491272,
    3.8592154788970947,
    3.843395929336548,
    3.8443774604797363,
    3.837371072769165,
    3.8542605590820314,
    3.8666610145568847
  ]
}